{
   "report": "analysis",
   "version": "1.3",
   "productVersion": "21.0.0.2",
   "productRelease": "21.0.0.2",
   "buildID": "v20210604_1826",
   "options": [
      "--sourceAppServer=was855",
      "--sourceJava=ibm6",
      "--sourceJavaEE=ee6",
      "--targetAppServer=openLiberty",
      "--targetJava=ibm8",
      "--targetJavaEE=ee7",
      "--targetCloud=containers",
      "--includePackages=org.pwte"
   ],
   "totalRulesFlagged": 14,
   "filesAffected": 23,
   "totalResults": 196,
   "severitySummary": [
      {
         "severity": "Severe",
         "severityId": "severe",
         "totalRulesFlagged": 4,
         "totalResults": 175
      },
      {
         "severity": "Warning",
         "severityId": "warning",
         "totalRulesFlagged": 9,
         "totalResults": 17
      },
      {
         "severity": "Information",
         "severityId": "info",
         "totalRulesFlagged": 1,
         "totalResults": 4
      }
   ],
   "applications": [
      "/opt/IBM/WebSphere/AppServer/profiles/AppSrv01/config/cells/adminNode01Cell/applications/CustomerOrderServicesApp.ear/CustomerOrderServicesApp.ear"
   ],
   "rules": [
      {
         "ruleName": "Behavior change on lookups for Enterprise JavaBeans in previous versions of Liberty",
         "ruleId": "EJBNamingLookupRule",
         "devCost": "0",
         "instanceCost": "0",
         "severity": "Information",
         "severityId": "info",
         "category": "WebSphere traditional to Liberty",
         "categoryId": "appconversion.was2liberty.category",
         "results": [
            {
               "fileName": "CustomerOrderServicesApp.ear/CustomerOrderServicesTest-0.1.0-SNAPSHOT.war/WEB-INF/ibm-web-bnd.xml",
               "details": [
                  {
                     "reference": null,
                     "match": "ejb-ref.binding-name=ejblocal:org.pwte.example.service.ProductSearchService",
                     "lineNumber": 5
                  }
               ]
            },
            {
               "fileName": "CustomerOrderServicesApp.ear/CustomerOrderServicesWeb-0.1.0-SNAPSHOT.war/WEB-INF/classes/org/pwte/example/resources/CategoryResource.class",
               "details": [
                  {
                     "reference": "Constructor",
                     "match": "ejblocal:org.pwte.example.service.ProductSearchService",
                     "lineNumber": 28
                  }
               ]
            },
            {
               "fileName": "CustomerOrderServicesApp.ear/CustomerOrderServicesWeb-0.1.0-SNAPSHOT.war/WEB-INF/classes/org/pwte/example/resources/CustomerOrderResource.class",
               "details": [
                  {
                     "reference": "Constructor",
                     "match": "ejblocal:org.pwte.example.service.CustomerOrderServices",
                     "lineNumber": 53
                  }
               ]
            },
            {
               "fileName": "CustomerOrderServicesApp.ear/CustomerOrderServicesWeb-0.1.0-SNAPSHOT.war/WEB-INF/classes/org/pwte/example/resources/ProductResource.class",
               "details": [
                  {
                     "reference": "Constructor",
                     "match": "ejblocal:org.pwte.example.service.ProductSearchService",
                     "lineNumber": 38
                  }
               ]
            }
         ]
      },
      {
         "ruleName": "CDI recognizes implicit bean archives",
         "ruleId": "ImplicitCDIBehaviorChange",
         "devCost": "0",
         "instanceCost": "0",
         "severity": "Warning",
         "severityId": "warning",
         "category": "Java EE 7 / CDI",
         "categoryId": "appconversion.javaee7.category / appconversion.javaee7.cdi.category",
         "results": [
            {
               "fileName": "CustomerOrderServicesApp.ear/CustomerOrderServices-0.1.0-SNAPSHOT.jar/org/pwte/example/service/CustomerOrderServicesImpl.class",
               "details": [
                  {
                     "reference": "Class annotation",
                     "match": "javax.ejb.Stateless",
                     "lineNumber": 0
                  }
               ]
            },
            {
               "fileName": "CustomerOrderServicesApp.ear/CustomerOrderServices-0.1.0-SNAPSHOT.jar/org/pwte/example/service/ProductSearchServiceImpl.class",
               "details": [
                  {
                     "reference": "Class annotation",
                     "match": "javax.ejb.Stateless",
                     "lineNumber": 0
                  }
               ]
            }
         ]
      },
      {
         "ruleName": "CDI scans for implicit beans when there is no beans.xml file",
         "ruleId": "MissingBeansFile",
         "devCost": "0",
         "instanceCost": "0",
         "severity": "Warning",
         "severityId": "warning",
         "category": "Java EE 7 / CDI",
         "categoryId": "appconversion.javaee7.category / appconversion.javaee7.cdi.category",
         "results": [
            {
               "fileName": "CustomerOrderServicesApp.ear/CustomerOrderServices-0.1.0-SNAPSHOT.jar",
               "details": [
                  {
                     "reference": null,
                     "match": ".*(\\.war|\\.jar)",
                     "lineNumber": 0
                  }
               ]
            },
            {
               "fileName": "CustomerOrderServicesApp.ear/CustomerOrderServicesTest-0.1.0-SNAPSHOT.war",
               "details": [
                  {
                     "reference": null,
                     "match": ".*(\\.war|\\.jar)",
                     "lineNumber": 0
                  }
               ]
            },
            {
               "fileName": "CustomerOrderServicesApp.ear/CustomerOrderServicesWeb-0.1.0-SNAPSHOT.war",
               "details": [
                  {
                     "reference": null,
                     "match": ".*(\\.war|\\.jar)",
                     "lineNumber": 0
                  }
               ]
            }
         ]
      },
      {
         "ruleName": "Component Authentication is not supported in Liberty",
         "ruleId": "DetectComponentAuth",
         "devCost": "0",
         "instanceCost": "0",
         "severity": "Warning",
         "severityId": "warning",
         "category": "WebSphere traditional to Liberty",
         "categoryId": "appconversion.was2liberty.category",
         "results": [
            {
               "fileName": "CustomerOrderServicesApp.ear/CustomerOrderServices-0.1.0-SNAPSHOT.jar/META-INF/persistence.xml",
               "details": [
                  {
                     "reference": null,
                     "match": "jdbc/orderds (Data source)",
                     "lineNumber": 5
                  }
               ]
            }
         ]
      },
      {
         "ruleName": "Databases",
         "ruleId": "JavaxPersistenceRule",
         "devCost": "0",
         "instanceCost": "0",
         "severity": "Warning",
         "severityId": "warning",
         "category": "Technology connectivity considerations for IBM Cloud",
         "categoryId": "appconversion.cloud.category.technology.connectivity",
         "results": [
            {
               "fileName": "CustomerOrderServicesApp.ear/CustomerOrderServices-0.1.0-SNAPSHOT.jar/org/pwte/example/domain/AbstractCustomer.class",
               "details": [
                  {
                     "reference": "Class annotation",
                     "match": "javax.persistence",
                     "lineNumber": 0
                  }
               ]
            }
         ],
         "referencedClasses": [
            {
               "class": "javax.persistence.CascadeType",
               "total": 3
            },
            {
               "class": "javax.persistence.Column",
               "total": 15
            },
            {
               "class": "javax.persistence.DiscriminatorColumn",
               "total": 1
            },
            {
               "class": "javax.persistence.DiscriminatorType",
               "total": 1
            },
            {
               "class": "javax.persistence.DiscriminatorValue",
               "total": 2
            },
            {
               "class": "javax.persistence.Embeddable",
               "total": 2
            },
            {
               "class": "javax.persistence.Embedded",
               "total": 1
            },
            {
               "class": "javax.persistence.Entity",
               "total": 7
            },
            {
               "class": "javax.persistence.EntityManager",
               "total": 24
            },
            {
               "class": "javax.persistence.FetchType",
               "total": 10
            },
            {
               "class": "javax.persistence.GeneratedValue",
               "total": 1
            },
            {
               "class": "javax.persistence.GenerationType",
               "total": 1
            },
            {
               "class": "javax.persistence.Id",
               "total": 6
            },
            {
               "class": "javax.persistence.IdClass",
               "total": 1
            },
            {
               "class": "javax.persistence.Inheritance",
               "total": 1
            },
            {
               "class": "javax.persistence.InheritanceType",
               "total": 1
            },
            {
               "class": "javax.persistence.JoinColumn",
               "total": 7
            },
            {
               "class": "javax.persistence.JoinTable",
               "total": 1
            },
            {
               "class": "javax.persistence.ManyToMany",
               "total": 2
            },
            {
               "class": "javax.persistence.ManyToOne",
               "total": 4
            },
            {
               "class": "javax.persistence.NamedNativeQuery",
               "total": 1
            },
            {
               "class": "javax.persistence.NamedQuery",
               "total": 1
            },
            {
               "class": "javax.persistence.OneToMany",
               "total": 3
            },
            {
               "class": "javax.persistence.OneToOne",
               "total": 1
            },
            {
               "class": "javax.persistence.PersistenceContext",
               "total": 2
            },
            {
               "class": "javax.persistence.PrePersist",
               "total": 1
            },
            {
               "class": "javax.persistence.PreRemove",
               "total": 1
            },
            {
               "class": "javax.persistence.PreUpdate",
               "total": 1
            },
            {
               "class": "javax.persistence.Query",
               "total": 20
            },
            {
               "class": "javax.persistence.Table",
               "total": 3
            },
            {
               "class": "javax.persistence.Transient",
               "total": 1
            },
            {
               "class": "javax.persistence.Version",
               "total": 1
            }
         ]
      },
      {
         "ruleName": "Disable the persistence unit second-level cache",
         "ruleId": "JpaCacheProperties",
         "devCost": "0.25",
         "instanceCost": "0.1",
         "severity": "Severe",
         "severityId": "severe",
         "category": "Java EE 7 / OpenJPA to EclipseLink JPA",
         "categoryId": "appconversion.javaee7.category / appconversion.javaee7.jpa.category",
         "results": [
            {
               "fileName": "CustomerOrderServicesApp.ear/CustomerOrderServices-0.1.0-SNAPSHOT.jar/META-INF/persistence.xml",
               "details": [
                  {
                     "reference": null,
                     "match": "persistence-unit",
                     "lineNumber": 3
                  }
               ]
            }
         ]
      },
      {
         "ruleName": "Java API for RESTful Web Services (JAX-RS)",
         "ruleId": "DetectJAXRS",
         "devCost": "0",
         "instanceCost": "0",
         "severity": "Warning",
         "severityId": "warning",
         "category": "Java EE 6 / JAX-RS 1.1",
         "categoryId": "com.ibm.ws.appconversion.javaee6.category / com.ibm.ws.appconversion.javaee6.jaxrs.category",
         "results": [
            {
               "fileName": "CustomerOrderServicesApp.ear/CustomerOrderServicesTest-0.1.0-SNAPSHOT.war/WEB-INF/classes/org/pwte/example/jaxrs/test/CustomerOrderRESTTest$1.class",
               "details": [
                  {
                     "reference": "Constructor",
                     "match": "javax.ws.rs.core",
                     "lineNumber": 46
                  }
               ]
            },
            {
               "fileName": "CustomerOrderServicesApp.ear/CustomerOrderServicesWeb-0.1.0-SNAPSHOT.war/WEB-INF/classes/org/pwte/example/app/CustomerServicesApp.class",
               "details": [
                  {
                     "reference": "Constructor",
                     "match": "javax.ws.rs.core",
                     "lineNumber": 12
                  }
               ]
            }
         ],
         "referencedClasses": [
            {
               "class": "javax.ws.rs.Consumes",
               "total": 3
            },
            {
               "class": "javax.ws.rs.DELETE",
               "total": 1
            },
            {
               "class": "javax.ws.rs.GET",
               "total": 7
            },
            {
               "class": "javax.ws.rs.POST",
               "total": 3
            },
            {
               "class": "javax.ws.rs.PUT",
               "total": 1
            },
            {
               "class": "javax.ws.rs.Path",
               "total": 12
            },
            {
               "class": "javax.ws.rs.PathParam",
               "total": 3
            },
            {
               "class": "javax.ws.rs.Produces",
               "total": 9
            },
            {
               "class": "javax.ws.rs.QueryParam",
               "total": 1
            },
            {
               "class": "javax.ws.rs.WebApplicationException",
               "total": 50
            },
            {
               "class": "javax.ws.rs.core.Application",
               "total": 7
            },
            {
               "class": "javax.ws.rs.core.Context",
               "total": 4
            },
            {
               "class": "javax.ws.rs.core.HttpHeaders",
               "total": 8
            },
            {
               "class": "javax.ws.rs.core.MultivaluedMap",
               "total": 17
            },
            {
               "class": "javax.ws.rs.core.Response",
               "total": 37
            },
            {
               "class": "javax.ws.rs.core.Response$ResponseBuilder",
               "total": 42
            },
            {
               "class": "javax.ws.rs.core.Response$Status",
               "total": 57
            }
         ]
      },
      {
         "ruleName": "Java EE security",
         "ruleId": "ApplicationSecurityRule",
         "devCost": "0",
         "instanceCost": "0",
         "severity": "Warning",
         "severityId": "warning",
         "category": "Technology connectivity considerations for IBM Cloud",
         "categoryId": "appconversion.cloud.category.technology.connectivity",
         "results": [
            {
               "fileName": "CustomerOrderServicesApp.ear/CustomerOrderServices-0.1.0-SNAPSHOT.jar/org/pwte/example/service/CustomerOrderServicesImpl.class",
               "details": [
                  {
                     "reference": "Class annotation",
                     "match": "javax.annotation.security.RolesAllowed",
                     "lineNumber": 0
                  }
               ]
            },
            {
               "fileName": "CustomerOrderServicesApp.ear/CustomerOrderServicesTest-0.1.0-SNAPSHOT.war/WEB-INF/web.xml",
               "details": [
                  {
                     "reference": null,
                     "match": "security-constraint",
                     "lineNumber": 21
                  }
               ]
            },
            {
               "fileName": "CustomerOrderServicesApp.ear/CustomerOrderServicesWeb-0.1.0-SNAPSHOT.war/WEB-INF/web.xml",
               "details": [
                  {
                     "reference": null,
                     "match": "security-constraint",
                     "lineNumber": 27
                  }
               ]
            }
         ]
      },
      {
         "ruleName": "Java Persistence API (JPA)",
         "ruleId": "DetectJPA",
         "devCost": "0",
         "instanceCost": "0",
         "severity": "Warning",
         "severityId": "warning",
         "category": "Java EE 6 / JPA 2.0",
         "categoryId": "com.ibm.ws.appconversion.javaee6.category / com.ibm.ws.appconversion.javaee6.jpa.category",
         "results": [
            {
               "fileName": "CustomerOrderServicesApp.ear/CustomerOrderServices-0.1.0-SNAPSHOT.jar/org/pwte/example/domain/AbstractCustomer.class",
               "details": [
                  {
                     "reference": "Class annotation",
                     "match": "javax.persistence",
                     "lineNumber": 0
                  }
               ]
            }
         ],
         "referencedClasses": [
            {
               "class": "javax.persistence.CascadeType",
               "total": 3
            },
            {
               "class": "javax.persistence.Column",
               "total": 15
            },
            {
               "class": "javax.persistence.DiscriminatorColumn",
               "total": 1
            },
            {
               "class": "javax.persistence.DiscriminatorType",
               "total": 1
            },
            {
               "class": "javax.persistence.DiscriminatorValue",
               "total": 2
            },
            {
               "class": "javax.persistence.Embeddable",
               "total": 2
            },
            {
               "class": "javax.persistence.Embedded",
               "total": 1
            },
            {
               "class": "javax.persistence.Entity",
               "total": 7
            },
            {
               "class": "javax.persistence.EntityManager",
               "total": 24
            },
            {
               "class": "javax.persistence.FetchType",
               "total": 10
            },
            {
               "class": "javax.persistence.GeneratedValue",
               "total": 1
            },
            {
               "class": "javax.persistence.GenerationType",
               "total": 1
            },
            {
               "class": "javax.persistence.Id",
               "total": 6
            },
            {
               "class": "javax.persistence.IdClass",
               "total": 1
            },
            {
               "class": "javax.persistence.Inheritance",
               "total": 1
            },
            {
               "class": "javax.persistence.InheritanceType",
               "total": 1
            },
            {
               "class": "javax.persistence.JoinColumn",
               "total": 7
            },
            {
               "class": "javax.persistence.JoinTable",
               "total": 1
            },
            {
               "class": "javax.persistence.ManyToMany",
               "total": 2
            },
            {
               "class": "javax.persistence.ManyToOne",
               "total": 4
            },
            {
               "class": "javax.persistence.NamedNativeQuery",
               "total": 1
            },
            {
               "class": "javax.persistence.NamedQuery",
               "total": 1
            },
            {
               "class": "javax.persistence.OneToMany",
               "total": 3
            },
            {
               "class": "javax.persistence.OneToOne",
               "total": 1
            },
            {
               "class": "javax.persistence.PersistenceContext",
               "total": 2
            },
            {
               "class": "javax.persistence.PrePersist",
               "total": 1
            },
            {
               "class": "javax.persistence.PreRemove",
               "total": 1
            },
            {
               "class": "javax.persistence.PreUpdate",
               "total": 1
            },
            {
               "class": "javax.persistence.Query",
               "total": 20
            },
            {
               "class": "javax.persistence.Table",
               "total": 3
            },
            {
               "class": "javax.persistence.Transient",
               "total": 1
            },
            {
               "class": "javax.persistence.Version",
               "total": 1
            }
         ]
      },
      {
         "ruleName": "Mapping files are not processed during OpenJPA to EclipseLink migration",
         "ruleId": "JpaOrmXml",
         "devCost": "1",
         "instanceCost": "0.1",
         "severity": "Warning",
         "severityId": "warning",
         "category": "Java EE 7 / OpenJPA to EclipseLink JPA",
         "categoryId": "appconversion.javaee7.category / appconversion.javaee7.jpa.category",
         "results": [
            {
               "fileName": "CustomerOrderServicesApp.ear/CustomerOrderServices-0.1.0-SNAPSHOT.jar/META-INF/orm.xml",
               "details": [
                  {
                     "reference": null,
                     "match": "entity-mappings",
                     "lineNumber": 2
                  }
               ]
            }
         ]
      },
      {
         "ruleName": "OpenJPA and WebSphere JPA configuration properties must be migrated",
         "ruleId": "OpenJPAConfigurationProperties",
         "devCost": "2",
         "instanceCost": "0.1",
         "severity": "Severe",
         "severityId": "severe",
         "category": "Java EE 7 / OpenJPA to EclipseLink JPA",
         "categoryId": "appconversion.javaee7.category / appconversion.javaee7.jpa.category",
         "results": [
            {
               "fileName": "CustomerOrderServicesApp.ear/CustomerOrderServices-0.1.0-SNAPSHOT.jar/META-INF/persistence.xml",
               "details": [
                  {
                     "reference": null,
                     "match": "property.name=openjpa.MaxFetchDepth",
                     "lineNumber": 16
                  },
                  {
                     "reference": null,
                     "match": "property.name=openjpa.jdbc.DBDictionary",
                     "lineNumber": 19
                  },
                  {
                     "reference": null,
                     "match": "property.name=openjpa.jdbc.MappingDefaults",
                     "lineNumber": 17
                  }
               ]
            }
         ]
      },
      {
         "ruleName": "The Apache Wink Client APIs are not available",
         "ruleId": "WinkClientReplaced",
         "devCost": "3.5",
         "instanceCost": "0",
         "severity": "Severe",
         "severityId": "severe",
         "category": "Java EE 7 / JAX-RS 2.0",
         "categoryId": "appconversion.javaee7.category / appconversion.javaee7.jaxrs.category",
         "results": [
            {
               "fileName": "CustomerOrderServicesApp.ear/CustomerOrderServicesTest-0.1.0-SNAPSHOT.war/WEB-INF/classes/org/pwte/example/jaxrs/test/CustomerOrderRESTTest.class",
               "details": [
                  {
                     "reference": "Constructor",
                     "match": "org.apache.wink.client",
                     "lineNumber": 31
                  },
                  {
                     "reference": "Constructor",
                     "match": "org.apache.wink.client",
                     "lineNumber": 32
                  },
                  {
                     "reference": "Field clientConfig",
                     "match": "org.apache.wink.client",
                     "lineNumber": 0
                  },
                  {
                     "reference": "Field clientConfig2",
                     "match": "org.apache.wink.client",
                     "lineNumber": 0
                  },
                  {
                     "reference": "Method setUp",
                     "match": "org.apache.wink.client",
                     "lineNumber": 59
                  },
                  {
                     "reference": "Method setUp",
                     "match": "org.apache.wink.client",
                     "lineNumber": 60
                  },
                  {
                     "reference": "Method setUp",
                     "match": "org.apache.wink.client",
                     "lineNumber": 62
                  },
                  {
                     "reference": "Method setUp",
                     "match": "org.apache.wink.client",
                     "lineNumber": 63
                  },
                  {
                     "reference": "Method setUp",
                     "match": "org.apache.wink.client",
                     "lineNumber": 68
                  },
                  {
                     "reference": "Method setUp",
                     "match": "org.apache.wink.client",
                     "lineNumber": 73
                  },
                  {
                     "reference": "Method setUp",
                     "match": "org.apache.wink.client.handlers",
                     "lineNumber": 65
                  },
                  {
                     "reference": "Method setUp",
                     "match": "org.apache.wink.client.handlers",
                     "lineNumber": 66
                  },
                  {
                     "reference": "Method setUp",
                     "match": "org.apache.wink.client.handlers",
                     "lineNumber": 67
                  },
                  {
                     "reference": "Method setUp",
                     "match": "org.apache.wink.client.handlers",
                     "lineNumber": 68
                  },
                  {
                     "reference": "Method setUp",
                     "match": "org.apache.wink.client.handlers",
                     "lineNumber": 70
                  },
                  {
                     "reference": "Method setUp",
                     "match": "org.apache.wink.client.handlers",
                     "lineNumber": 71
                  },
                  {
                     "reference": "Method setUp",
                     "match": "org.apache.wink.client.handlers",
                     "lineNumber": 72
                  },
                  {
                     "reference": "Method setUp",
                     "match": "org.apache.wink.client.handlers",
                     "lineNumber": 73
                  },
                  {
                     "reference": "Method setUp",
                     "match": "org.apache.wink.client.handlers",
                     "lineNumber": 74
                  },
                  {
                     "reference": "Method testFormMetaData",
                     "match": "org.apache.wink.client",
                     "lineNumber": 266
                  },
                  {
                     "reference": "Method testFormMetaData",
                     "match": "org.apache.wink.client",
                     "lineNumber": 267
                  },
                  {
                     "reference": "Method testFormMetaData",
                     "match": "org.apache.wink.client",
                     "lineNumber": 268
                  },
                  {
                     "reference": "Method testFormMetaData",
                     "match": "org.apache.wink.client",
                     "lineNumber": 269
                  },
                  {
                     "reference": "Method testFormMetaData",
                     "match": "org.apache.wink.client",
                     "lineNumber": 295
                  },
                  {
                     "reference": "Method testFormMetaData",
                     "match": "org.apache.wink.client",
                     "lineNumber": 296
                  },
                  {
                     "reference": "Method testFormMetaData",
                     "match": "org.apache.wink.client",
                     "lineNumber": 297
                  },
                  {
                     "reference": "Method testFormMetaData",
                     "match": "org.apache.wink.client",
                     "lineNumber": 298
                  },
                  {
                     "reference": "Method testFormMetaData",
                     "match": "org.apache.wink.client",
                     "lineNumber": 326
                  },
                  {
                     "reference": "Method testLoadCustomer",
                     "match": "org.apache.wink.client",
                     "lineNumber": 78
                  },
                  {
                     "reference": "Method testLoadCustomer",
                     "match": "org.apache.wink.client",
                     "lineNumber": 80
                  },
                  {
                     "reference": "Method testLoadCustomer",
                     "match": "org.apache.wink.client",
                     "lineNumber": 81
                  },
                  {
                     "reference": "Method testLoadCustomer",
                     "match": "org.apache.wink.client",
                     "lineNumber": 82
                  },
                  {
                     "reference": "Method testLoadCustomer",
                     "match": "org.apache.wink.client",
                     "lineNumber": 84
                  },
                  {
                     "reference": "Method testLoadCustomer",
                     "match": "org.apache.wink.client",
                     "lineNumber": 85
                  },
                  {
                     "reference": "Method testLoadCustomer",
                     "match": "org.apache.wink.client",
                     "lineNumber": 86
                  },
                  {
                     "reference": "Method testLoadCustomer",
                     "match": "org.apache.wink.client",
                     "lineNumber": 88
                  },
                  {
                     "reference": "Method testLoadCustomer",
                     "match": "org.apache.wink.client",
                     "lineNumber": 89
                  },
                  {
                     "reference": "Method testLoadCustomer",
                     "match": "org.apache.wink.client",
                     "lineNumber": 91
                  },
                  {
                     "reference": "Method testLoadCustomer",
                     "match": "org.apache.wink.client",
                     "lineNumber": 97
                  },
                  {
                     "reference": "Method testOrderHistory",
                     "match": "org.apache.wink.client",
                     "lineNumber": 243
                  },
                  {
                     "reference": "Method testOrderHistory",
                     "match": "org.apache.wink.client",
                     "lineNumber": 244
                  },
                  {
                     "reference": "Method testOrderHistory",
                     "match": "org.apache.wink.client",
                     "lineNumber": 245
                  },
                  {
                     "reference": "Method testOrderHistory",
                     "match": "org.apache.wink.client",
                     "lineNumber": 246
                  },
                  {
                     "reference": "Method testOrderHistory",
                     "match": "org.apache.wink.client",
                     "lineNumber": 247
                  },
                  {
                     "reference": "Method testOrderHistory",
                     "match": "org.apache.wink.client",
                     "lineNumber": 249
                  },
                  {
                     "reference": "Method testOrderHistory",
                     "match": "org.apache.wink.client",
                     "lineNumber": 252
                  },
                  {
                     "reference": "Method testOrderHistory",
                     "match": "org.apache.wink.client",
                     "lineNumber": 253
                  },
                  {
                     "reference": "Method testOrderHistory",
                     "match": "org.apache.wink.client",
                     "lineNumber": 256
                  },
                  {
                     "reference": "Method testOrderHistory",
                     "match": "org.apache.wink.client",
                     "lineNumber": 257
                  },
                  {
                     "reference": "Method testOrderHistory",
                     "match": "org.apache.wink.client",
                     "lineNumber": 260
                  },
                  {
                     "reference": "Method testOrderHistory",
                     "match": "org.apache.wink.client",
                     "lineNumber": 261
                  },
                  {
                     "reference": "Method testOrderProcess",
                     "match": "org.apache.wink.client",
                     "lineNumber": 135
                  },
                  {
                     "reference": "Method testOrderProcess",
                     "match": "org.apache.wink.client",
                     "lineNumber": 136
                  },
                  {
                     "reference": "Method testOrderProcess",
                     "match": "org.apache.wink.client",
                     "lineNumber": 138
                  },
                  {
                     "reference": "Method testOrderProcess",
                     "match": "org.apache.wink.client",
                     "lineNumber": 139
                  },
                  {
                     "reference": "Method testOrderProcess",
                     "match": "org.apache.wink.client",
                     "lineNumber": 141
                  },
                  {
                     "reference": "Method testOrderProcess",
                     "match": "org.apache.wink.client",
                     "lineNumber": 142
                  },
                  {
                     "reference": "Method testOrderProcess",
                     "match": "org.apache.wink.client",
                     "lineNumber": 143
                  },
                  {
                     "reference": "Method testOrderProcess",
                     "match": "org.apache.wink.client",
                     "lineNumber": 149
                  },
                  {
                     "reference": "Method testOrderProcess",
                     "match": "org.apache.wink.client",
                     "lineNumber": 150
                  },
                  {
                     "reference": "Method testOrderProcess",
                     "match": "org.apache.wink.client",
                     "lineNumber": 154
                  },
                  {
                     "reference": "Method testOrderProcess",
                     "match": "org.apache.wink.client",
                     "lineNumber": 155
                  },
                  {
                     "reference": "Method testOrderProcess",
                     "match": "org.apache.wink.client",
                     "lineNumber": 164
                  },
                  {
                     "reference": "Method testOrderProcess",
                     "match": "org.apache.wink.client",
                     "lineNumber": 165
                  },
                  {
                     "reference": "Method testOrderProcess",
                     "match": "org.apache.wink.client",
                     "lineNumber": 167
                  },
                  {
                     "reference": "Method testOrderProcess",
                     "match": "org.apache.wink.client",
                     "lineNumber": 168
                  },
                  {
                     "reference": "Method testOrderProcess",
                     "match": "org.apache.wink.client",
                     "lineNumber": 169
                  },
                  {
                     "reference": "Method testOrderProcess",
                     "match": "org.apache.wink.client",
                     "lineNumber": 171
                  },
                  {
                     "reference": "Method testOrderProcess",
                     "match": "org.apache.wink.client",
                     "lineNumber": 172
                  },
                  {
                     "reference": "Method testOrderProcess",
                     "match": "org.apache.wink.client",
                     "lineNumber": 174
                  },
                  {
                     "reference": "Method testOrderProcess",
                     "match": "org.apache.wink.client",
                     "lineNumber": 175
                  },
                  {
                     "reference": "Method testOrderProcess",
                     "match": "org.apache.wink.client",
                     "lineNumber": 176
                  },
                  {
                     "reference": "Method testOrderProcess",
                     "match": "org.apache.wink.client",
                     "lineNumber": 179
                  },
                  {
                     "reference": "Method testOrderProcess",
                     "match": "org.apache.wink.client",
                     "lineNumber": 180
                  },
                  {
                     "reference": "Method testOrderProcess",
                     "match": "org.apache.wink.client",
                     "lineNumber": 182
                  },
                  {
                     "reference": "Method testOrderProcess",
                     "match": "org.apache.wink.client",
                     "lineNumber": 183
                  },
                  {
                     "reference": "Method testOrderProcess",
                     "match": "org.apache.wink.client",
                     "lineNumber": 185
                  },
                  {
                     "reference": "Method testOrderProcess",
                     "match": "org.apache.wink.client",
                     "lineNumber": 187
                  },
                  {
                     "reference": "Method testOrderProcess",
                     "match": "org.apache.wink.client",
                     "lineNumber": 188
                  },
                  {
                     "reference": "Method testOrderProcess",
                     "match": "org.apache.wink.client",
                     "lineNumber": 206
                  },
                  {
                     "reference": "Method testOrderProcess",
                     "match": "org.apache.wink.client",
                     "lineNumber": 207
                  },
                  {
                     "reference": "Method testOrderProcess",
                     "match": "org.apache.wink.client",
                     "lineNumber": 209
                  },
                  {
                     "reference": "Method testOrderProcess",
                     "match": "org.apache.wink.client",
                     "lineNumber": 210
                  },
                  {
                     "reference": "Method testOrderProcess",
                     "match": "org.apache.wink.client",
                     "lineNumber": 212
                  },
                  {
                     "reference": "Method testOrderProcess",
                     "match": "org.apache.wink.client",
                     "lineNumber": 214
                  },
                  {
                     "reference": "Method testOrderProcess",
                     "match": "org.apache.wink.client",
                     "lineNumber": 215
                  },
                  {
                     "reference": "Method testOrderProcess",
                     "match": "org.apache.wink.client",
                     "lineNumber": 219
                  },
                  {
                     "reference": "Method testOrderProcess",
                     "match": "org.apache.wink.client",
                     "lineNumber": 220
                  },
                  {
                     "reference": "Method testOrderProcess",
                     "match": "org.apache.wink.client",
                     "lineNumber": 221
                  },
                  {
                     "reference": "Method testOrderProcess",
                     "match": "org.apache.wink.client",
                     "lineNumber": 223
                  },
                  {
                     "reference": "Method testOrderProcess",
                     "match": "org.apache.wink.client",
                     "lineNumber": 224
                  },
                  {
                     "reference": "Method testOrderProcess",
                     "match": "org.apache.wink.client",
                     "lineNumber": 225
                  },
                  {
                     "reference": "Method testOrderProcess",
                     "match": "org.apache.wink.client",
                     "lineNumber": 227
                  },
                  {
                     "reference": "Method testOrderProcess",
                     "match": "org.apache.wink.client",
                     "lineNumber": 229
                  },
                  {
                     "reference": "Method testOrderProcess",
                     "match": "org.apache.wink.client",
                     "lineNumber": 230
                  },
                  {
                     "reference": "Method testOrderProcess",
                     "match": "org.apache.wink.client",
                     "lineNumber": 231
                  },
                  {
                     "reference": "Method testOrderProcess",
                     "match": "org.apache.wink.client",
                     "lineNumber": 233
                  },
                  {
                     "reference": "Method testOrderProcess",
                     "match": "org.apache.wink.client",
                     "lineNumber": 234
                  },
                  {
                     "reference": "Method testOrderProcess",
                     "match": "org.apache.wink.client",
                     "lineNumber": 236
                  },
                  {
                     "reference": "Method testOrderProcess",
                     "match": "org.apache.wink.client",
                     "lineNumber": 239
                  },
                  {
                     "reference": "Method testUpdateAddress",
                     "match": "org.apache.wink.client",
                     "lineNumber": 102
                  },
                  {
                     "reference": "Method testUpdateAddress",
                     "match": "org.apache.wink.client",
                     "lineNumber": 104
                  },
                  {
                     "reference": "Method testUpdateAddress",
                     "match": "org.apache.wink.client",
                     "lineNumber": 105
                  },
                  {
                     "reference": "Method testUpdateAddress",
                     "match": "org.apache.wink.client",
                     "lineNumber": 107
                  },
                  {
                     "reference": "Method testUpdateAddress",
                     "match": "org.apache.wink.client",
                     "lineNumber": 109
                  },
                  {
                     "reference": "Method testUpdateAddress",
                     "match": "org.apache.wink.client",
                     "lineNumber": 110
                  },
                  {
                     "reference": "Method testUpdateAddress",
                     "match": "org.apache.wink.client",
                     "lineNumber": 112
                  },
                  {
                     "reference": "Method testUpdateAddress",
                     "match": "org.apache.wink.client",
                     "lineNumber": 114
                  },
                  {
                     "reference": "Method testUpdateAddress",
                     "match": "org.apache.wink.client",
                     "lineNumber": 115
                  },
                  {
                     "reference": "Method testUpdateAddress",
                     "match": "org.apache.wink.client",
                     "lineNumber": 119
                  },
                  {
                     "reference": "Method testUpdateAddress",
                     "match": "org.apache.wink.client",
                     "lineNumber": 120
                  },
                  {
                     "reference": "Method testUpdateAddress",
                     "match": "org.apache.wink.client",
                     "lineNumber": 122
                  },
                  {
                     "reference": "Method testUpdateAddress",
                     "match": "org.apache.wink.client",
                     "lineNumber": 123
                  },
                  {
                     "reference": "Method testUpdateAddress",
                     "match": "org.apache.wink.client",
                     "lineNumber": 125
                  },
                  {
                     "reference": "Method testUpdateAddress",
                     "match": "org.apache.wink.client",
                     "lineNumber": 127
                  },
                  {
                     "reference": "Method testUpdateAddress",
                     "match": "org.apache.wink.client",
                     "lineNumber": 128
                  },
                  {
                     "reference": "Method testUpdateAddress",
                     "match": "org.apache.wink.client",
                     "lineNumber": 131
                  },
                  {
                     "reference": "Method testUpdateInfo",
                     "match": "org.apache.wink.client",
                     "lineNumber": 331
                  },
                  {
                     "reference": "Method testUpdateInfo",
                     "match": "org.apache.wink.client",
                     "lineNumber": 336
                  },
                  {
                     "reference": "Method testUpdateInfo",
                     "match": "org.apache.wink.client",
                     "lineNumber": 337
                  },
                  {
                     "reference": "Method testUpdateInfo",
                     "match": "org.apache.wink.client",
                     "lineNumber": 338
                  },
                  {
                     "reference": "Method testUpdateInfo",
                     "match": "org.apache.wink.client",
                     "lineNumber": 339
                  },
                  {
                     "reference": "Method testUpdateInfo",
                     "match": "org.apache.wink.client",
                     "lineNumber": 340
                  },
                  {
                     "reference": "Method testUpdateInfo",
                     "match": "org.apache.wink.client",
                     "lineNumber": 343
                  },
                  {
                     "reference": "Method testUpdateInfo",
                     "match": "org.apache.wink.client",
                     "lineNumber": 344
                  },
                  {
                     "reference": "Method testUpdateInfo",
                     "match": "org.apache.wink.client",
                     "lineNumber": 347
                  },
                  {
                     "reference": "Method testUpdateInfo",
                     "match": "org.apache.wink.client",
                     "lineNumber": 352
                  },
                  {
                     "reference": "Method testUpdateInfo",
                     "match": "org.apache.wink.client",
                     "lineNumber": 353
                  },
                  {
                     "reference": "Method testUpdateInfo",
                     "match": "org.apache.wink.client",
                     "lineNumber": 354
                  },
                  {
                     "reference": "Method testUpdateInfo",
                     "match": "org.apache.wink.client",
                     "lineNumber": 355
                  },
                  {
                     "reference": "Method testUpdateInfo",
                     "match": "org.apache.wink.client",
                     "lineNumber": 356
                  },
                  {
                     "reference": "Method testUpdateInfo",
                     "match": "org.apache.wink.client",
                     "lineNumber": 358
                  }
               ]
            },
            {
               "fileName": "CustomerOrderServicesApp.ear/CustomerOrderServicesTest-0.1.0-SNAPSHOT.war/WEB-INF/classes/org/pwte/example/jaxrs/test/ProductRESTSearchTest.class",
               "details": [
                  {
                     "reference": "Method testCategoryListResources",
                     "match": "org.apache.wink.client",
                     "lineNumber": 118
                  },
                  {
                     "reference": "Method testCategoryListResources",
                     "match": "org.apache.wink.client",
                     "lineNumber": 119
                  },
                  {
                     "reference": "Method testCategoryListResources",
                     "match": "org.apache.wink.client",
                     "lineNumber": 121
                  },
                  {
                     "reference": "Method testCategoryListResources",
                     "match": "org.apache.wink.client",
                     "lineNumber": 188
                  },
                  {
                     "reference": "Method testCategoryResource",
                     "match": "org.apache.wink.client",
                     "lineNumber": 85
                  },
                  {
                     "reference": "Method testCategoryResource",
                     "match": "org.apache.wink.client",
                     "lineNumber": 86
                  },
                  {
                     "reference": "Method testCategoryResource",
                     "match": "org.apache.wink.client",
                     "lineNumber": 88
                  },
                  {
                     "reference": "Method testCategoryResource",
                     "match": "org.apache.wink.client",
                     "lineNumber": 115
                  },
                  {
                     "reference": "Method testProductListByCategory",
                     "match": "org.apache.wink.client",
                     "lineNumber": 42
                  },
                  {
                     "reference": "Method testProductListByCategory",
                     "match": "org.apache.wink.client",
                     "lineNumber": 43
                  },
                  {
                     "reference": "Method testProductListByCategory",
                     "match": "org.apache.wink.client",
                     "lineNumber": 45
                  },
                  {
                     "reference": "Method testProductListByCategory",
                     "match": "org.apache.wink.client",
                     "lineNumber": 82
                  },
                  {
                     "reference": "Method testProductResources",
                     "match": "org.apache.wink.client",
                     "lineNumber": 30
                  },
                  {
                     "reference": "Method testProductResources",
                     "match": "org.apache.wink.client",
                     "lineNumber": 31
                  },
                  {
                     "reference": "Method testProductResources",
                     "match": "org.apache.wink.client",
                     "lineNumber": 33
                  },
                  {
                     "reference": "Method testProductResources",
                     "match": "org.apache.wink.client",
                     "lineNumber": 39
                  }
               ]
            }
         ],
         "referencedClasses": [
            {
               "class": "org.apache.wink.client.ClientConfig",
               "total": 40
            },
            {
               "class": "org.apache.wink.client.ClientResponse",
               "total": 66
            },
            {
               "class": "org.apache.wink.client.Resource",
               "total": 184
            },
            {
               "class": "org.apache.wink.client.RestClient",
               "total": 76
            },
            {
               "class": "org.apache.wink.client.handlers.BasicAuthSecurityHandler",
               "total": 10
            },
            {
               "class": "org.apache.wink.client.handlers.ClientHandler",
               "total": 4
            }
         ]
      },
      {
         "ruleName": "Validate the URL host and port for cloud access",
         "ruleId": "URLRuleDockerCloud",
         "devCost": "0",
         "instanceCost": "0",
         "severity": "Warning",
         "severityId": "warning",
         "category": "Connectivity considerations for IBM Cloud (Containers and Virtual machines)",
         "categoryId": "appconversion.cloud.category.connectivity.dockerAndWASOnCloud",
         "results": [
            {
               "fileName": "CustomerOrderServicesApp.ear/CustomerOrderServicesTest-0.1.0-SNAPSHOT.war",
               "details": [
                  {
                     "reference": "1",
                     "match": "http://localhost:9080/CustomerOrderServicesTest/",
                     "lineNumber": 0
                  },
                  {
                     "reference": "2",
                     "match": "https://localhost:9443/CustomerOrderServicesWeb/",
                     "lineNumber": 0
                  },
                  {
                     "reference": "2",
                     "match": "jdbc:db2://localhost:50000/ORDERDB",
                     "lineNumber": 0
                  }
               ]
            }
         ]
      },
      {
         "ruleName": "org.codehaus.jackson packages are not available",
         "ruleId": "JacksonPackages",
         "devCost": "1",
         "instanceCost": "0",
         "severity": "Severe",
         "severityId": "severe",
         "category": "Java EE 7 / JAX-RS 2.0",
         "categoryId": "appconversion.javaee7.category / appconversion.javaee7.jaxrs.category",
         "results": [
            {
               "fileName": "CustomerOrderServicesApp.ear/CustomerOrderServices-0.1.0-SNAPSHOT.jar/org/pwte/example/domain/AbstractCustomer.class",
               "details": [
                  {
                     "reference": "Method getCustomerId - Annotation",
                     "match": "org.codehaus.jackson.annotate",
                     "lineNumber": 0
                  },
                  {
                     "reference": "Method getUser - Annotation",
                     "match": "org.codehaus.jackson.annotate",
                     "lineNumber": 0
                  },
                  {
                     "reference": "Method setCustomerId - Annotation",
                     "match": "org.codehaus.jackson.annotate",
                     "lineNumber": 0
                  },
                  {
                     "reference": "Method setUser - Annotation",
                     "match": "org.codehaus.jackson.annotate",
                     "lineNumber": 0
                  }
               ]
            },
            {
               "fileName": "CustomerOrderServicesApp.ear/CustomerOrderServices-0.1.0-SNAPSHOT.jar/org/pwte/example/domain/Category.class",
               "details": [
                  {
                     "reference": "Method getCategoryID - Annotation",
                     "match": "org.codehaus.jackson.annotate",
                     "lineNumber": 0
                  },
                  {
                     "reference": "Method getParent - Annotation",
                     "match": "org.codehaus.jackson.annotate",
                     "lineNumber": 0
                  },
                  {
                     "reference": "Method getProducts - Annotation",
                     "match": "org.codehaus.jackson.annotate",
                     "lineNumber": 0
                  }
               ]
            },
            {
               "fileName": "CustomerOrderServicesApp.ear/CustomerOrderServices-0.1.0-SNAPSHOT.jar/org/pwte/example/domain/LineItem.class",
               "details": [
                  {
                     "reference": "Method getOrder - Annotation",
                     "match": "org.codehaus.jackson.annotate",
                     "lineNumber": 0
                  },
                  {
                     "reference": "Method getVersion - Annotation",
                     "match": "org.codehaus.jackson.annotate",
                     "lineNumber": 0
                  },
                  {
                     "reference": "Method setOrder - Annotation",
                     "match": "org.codehaus.jackson.annotate",
                     "lineNumber": 0
                  },
                  {
                     "reference": "Method setVersion - Annotation",
                     "match": "org.codehaus.jackson.annotate",
                     "lineNumber": 0
                  }
               ]
            },
            {
               "fileName": "CustomerOrderServicesApp.ear/CustomerOrderServices-0.1.0-SNAPSHOT.jar/org/pwte/example/domain/Order.class",
               "details": [
                  {
                     "reference": "Method getCustomer - Annotation",
                     "match": "org.codehaus.jackson.annotate",
                     "lineNumber": 0
                  },
                  {
                     "reference": "Method getVersion - Annotation",
                     "match": "org.codehaus.jackson.annotate",
                     "lineNumber": 0
                  },
                  {
                     "reference": "Method setCustomer - Annotation",
                     "match": "org.codehaus.jackson.annotate",
                     "lineNumber": 0
                  },
                  {
                     "reference": "Method setVersion - Annotation",
                     "match": "org.codehaus.jackson.annotate",
                     "lineNumber": 0
                  }
               ]
            },
            {
               "fileName": "CustomerOrderServicesApp.ear/CustomerOrderServices-0.1.0-SNAPSHOT.jar/org/pwte/example/domain/Product.class",
               "details": [
                  {
                     "reference": "Method getCategories - Annotation",
                     "match": "org.codehaus.jackson.annotate",
                     "lineNumber": 0
                  },
                  {
                     "reference": "Method getImagePath - Annotation",
                     "match": "org.codehaus.jackson.annotate",
                     "lineNumber": 0
                  },
                  {
                     "reference": "Method getProductId - Annotation",
                     "match": "org.codehaus.jackson.annotate",
                     "lineNumber": 0
                  },
                  {
                     "reference": "Method setCategories - Annotation",
                     "match": "org.codehaus.jackson.annotate",
                     "lineNumber": 0
                  },
                  {
                     "reference": "Method setImagePath - Annotation",
                     "match": "org.codehaus.jackson.annotate",
                     "lineNumber": 0
                  },
                  {
                     "reference": "Method setProductId - Annotation",
                     "match": "org.codehaus.jackson.annotate",
                     "lineNumber": 0
                  }
               ]
            },
            {
               "fileName": "CustomerOrderServicesApp.ear/CustomerOrderServicesTest-0.1.0-SNAPSHOT.war/WEB-INF/classes/org/pwte/example/jaxrs/test/CustomerOrderRESTTest$1.class",
               "details": [
                  {
                     "reference": "Method getClasses",
                     "match": "org.codehaus.jackson.jaxrs",
                     "lineNumber": 49
                  }
               ]
            },
            {
               "fileName": "CustomerOrderServicesApp.ear/CustomerOrderServicesWeb-0.1.0-SNAPSHOT.war/WEB-INF/classes/org/pwte/example/app/CustomerServicesApp.class",
               "details": [
                  {
                     "reference": "Method getClasses",
                     "match": "org.codehaus.jackson.jaxrs",
                     "lineNumber": 23
                  }
               ]
            }
         ],
         "referencedClasses": [
            {
               "class": "org.codehaus.jackson.annotate.JsonIgnore",
               "total": 16
            },
            {
               "class": "org.codehaus.jackson.annotate.JsonProperty",
               "total": 5
            },
            {
               "class": "org.codehaus.jackson.jaxrs.JacksonJaxbJsonProvider",
               "total": 1
            },
            {
               "class": "org.codehaus.jackson.jaxrs.JacksonJsonProvider",
               "total": 1
            }
         ]
      }
   ]
}