{
   "report": "analysis",
   "version": "1.3",
   "productVersion": "21.0.0.2",
   "productRelease": "21.0.0.2",
   "buildID": "v20210604_1826",
   "options": [
      "--sourceAppServer=was855",
      "--sourceJava=ibm6",
      "--sourceJavaEE=ee6",
      "--targetAppServer=liberty",
      "--targetJava=ibm8",
      "--targetCloud=containers",
      "--includePackages=org.pwte"
   ],
   "totalRulesFlagged": 6,
   "filesAffected": 12,
   "totalResults": 15,
   "severitySummary": [
      {
         "severity": "Severe",
         "severityId": "severe",
         "totalRulesFlagged": 1,
         "totalResults": 3
      },
      {
         "severity": "Warning",
         "severityId": "warning",
         "totalRulesFlagged": 4,
         "totalResults": 8
      },
      {
         "severity": "Information",
         "severityId": "info",
         "totalRulesFlagged": 1,
         "totalResults": 4
      }
   ],
   "applications": [
      "/opt/IBM/WebSphere/AppServer/profiles/AppSrv01/config/cells/adminNode01Cell/applications/CustomerOrderServicesApp.ear/CustomerOrderServicesApp.ear"
   ],
   "rules": [
      {
         "ruleName": "Behavior change on lookups for Enterprise JavaBeans in previous versions of Liberty",
         "ruleId": "EJBNamingLookupRule",
         "devCost": "0",
         "instanceCost": "0",
         "severity": "Information",
         "severityId": "info",
         "category": "WebSphere traditional to Liberty",
         "categoryId": "appconversion.was2liberty.category",
         "results": [
            {
               "fileName": "CustomerOrderServicesApp.ear/CustomerOrderServicesTest-0.1.0-SNAPSHOT.war/WEB-INF/ibm-web-bnd.xml",
               "details": [
                  {
                     "reference": null,
                     "match": "ejb-ref.binding-name=ejblocal:org.pwte.example.service.ProductSearchService",
                     "lineNumber": 5
                  }
               ]
            },
            {
               "fileName": "CustomerOrderServicesApp.ear/CustomerOrderServicesWeb-0.1.0-SNAPSHOT.war/WEB-INF/classes/org/pwte/example/resources/CategoryResource.class",
               "details": [
                  {
                     "reference": "Constructor",
                     "match": "ejblocal:org.pwte.example.service.ProductSearchService",
                     "lineNumber": 28
                  }
               ]
            },
            {
               "fileName": "CustomerOrderServicesApp.ear/CustomerOrderServicesWeb-0.1.0-SNAPSHOT.war/WEB-INF/classes/org/pwte/example/resources/CustomerOrderResource.class",
               "details": [
                  {
                     "reference": "Constructor",
                     "match": "ejblocal:org.pwte.example.service.CustomerOrderServices",
                     "lineNumber": 53
                  }
               ]
            },
            {
               "fileName": "CustomerOrderServicesApp.ear/CustomerOrderServicesWeb-0.1.0-SNAPSHOT.war/WEB-INF/classes/org/pwte/example/resources/ProductResource.class",
               "details": [
                  {
                     "reference": "Constructor",
                     "match": "ejblocal:org.pwte.example.service.ProductSearchService",
                     "lineNumber": 38
                  }
               ]
            }
         ]
      },
      {
         "ruleName": "Component Authentication is not supported in Liberty",
         "ruleId": "DetectComponentAuth",
         "devCost": "0",
         "instanceCost": "0",
         "severity": "Warning",
         "severityId": "warning",
         "category": "WebSphere traditional to Liberty",
         "categoryId": "appconversion.was2liberty.category",
         "results": [
            {
               "fileName": "CustomerOrderServicesApp.ear/CustomerOrderServices-0.1.0-SNAPSHOT.jar/META-INF/persistence.xml",
               "details": [
                  {
                     "reference": null,
                     "match": "jdbc/orderds (Data source)",
                     "lineNumber": 5
                  }
               ]
            }
         ]
      },
      {
         "ruleName": "Databases",
         "ruleId": "JavaxPersistenceRule",
         "devCost": "0",
         "instanceCost": "0",
         "severity": "Warning",
         "severityId": "warning",
         "category": "Technology connectivity considerations for IBM Cloud",
         "categoryId": "appconversion.cloud.category.technology.connectivity",
         "results": [
            {
               "fileName": "CustomerOrderServicesApp.ear/CustomerOrderServices-0.1.0-SNAPSHOT.jar/org/pwte/example/domain/AbstractCustomer.class",
               "details": [
                  {
                     "reference": "Class annotation",
                     "match": "javax.persistence",
                     "lineNumber": 0
                  }
               ]
            }
         ],
         "referencedClasses": [
            {
               "class": "javax.persistence.CascadeType",
               "total": 3
            },
            {
               "class": "javax.persistence.Column",
               "total": 15
            },
            {
               "class": "javax.persistence.DiscriminatorColumn",
               "total": 1
            },
            {
               "class": "javax.persistence.DiscriminatorType",
               "total": 1
            },
            {
               "class": "javax.persistence.DiscriminatorValue",
               "total": 2
            },
            {
               "class": "javax.persistence.Embeddable",
               "total": 2
            },
            {
               "class": "javax.persistence.Embedded",
               "total": 1
            },
            {
               "class": "javax.persistence.Entity",
               "total": 7
            },
            {
               "class": "javax.persistence.EntityManager",
               "total": 24
            },
            {
               "class": "javax.persistence.FetchType",
               "total": 10
            },
            {
               "class": "javax.persistence.GeneratedValue",
               "total": 1
            },
            {
               "class": "javax.persistence.GenerationType",
               "total": 1
            },
            {
               "class": "javax.persistence.Id",
               "total": 6
            },
            {
               "class": "javax.persistence.IdClass",
               "total": 1
            },
            {
               "class": "javax.persistence.Inheritance",
               "total": 1
            },
            {
               "class": "javax.persistence.InheritanceType",
               "total": 1
            },
            {
               "class": "javax.persistence.JoinColumn",
               "total": 7
            },
            {
               "class": "javax.persistence.JoinTable",
               "total": 1
            },
            {
               "class": "javax.persistence.ManyToMany",
               "total": 2
            },
            {
               "class": "javax.persistence.ManyToOne",
               "total": 4
            },
            {
               "class": "javax.persistence.NamedNativeQuery",
               "total": 1
            },
            {
               "class": "javax.persistence.NamedQuery",
               "total": 1
            },
            {
               "class": "javax.persistence.OneToMany",
               "total": 3
            },
            {
               "class": "javax.persistence.OneToOne",
               "total": 1
            },
            {
               "class": "javax.persistence.PersistenceContext",
               "total": 2
            },
            {
               "class": "javax.persistence.PrePersist",
               "total": 1
            },
            {
               "class": "javax.persistence.PreRemove",
               "total": 1
            },
            {
               "class": "javax.persistence.PreUpdate",
               "total": 1
            },
            {
               "class": "javax.persistence.Query",
               "total": 20
            },
            {
               "class": "javax.persistence.Table",
               "total": 3
            },
            {
               "class": "javax.persistence.Transient",
               "total": 1
            },
            {
               "class": "javax.persistence.Version",
               "total": 1
            }
         ]
      },
      {
         "ruleName": "Java EE security",
         "ruleId": "ApplicationSecurityRule",
         "devCost": "0",
         "instanceCost": "0",
         "severity": "Warning",
         "severityId": "warning",
         "category": "Technology connectivity considerations for IBM Cloud",
         "categoryId": "appconversion.cloud.category.technology.connectivity",
         "results": [
            {
               "fileName": "CustomerOrderServicesApp.ear/CustomerOrderServices-0.1.0-SNAPSHOT.jar/org/pwte/example/service/CustomerOrderServicesImpl.class",
               "details": [
                  {
                     "reference": "Class annotation",
                     "match": "javax.annotation.security.RolesAllowed",
                     "lineNumber": 0
                  }
               ]
            },
            {
               "fileName": "CustomerOrderServicesApp.ear/CustomerOrderServicesTest-0.1.0-SNAPSHOT.war/WEB-INF/web.xml",
               "details": [
                  {
                     "reference": null,
                     "match": "security-constraint",
                     "lineNumber": 21
                  }
               ]
            },
            {
               "fileName": "CustomerOrderServicesApp.ear/CustomerOrderServicesWeb-0.1.0-SNAPSHOT.war/WEB-INF/web.xml",
               "details": [
                  {
                     "reference": null,
                     "match": "security-constraint",
                     "lineNumber": 27
                  }
               ]
            }
         ]
      },
      {
         "ruleName": "The use of system provided Apache Wink APIs requires configuration",
         "ruleId": "ThirdPartyJAXRSInUseRule",
         "devCost": "0.1",
         "instanceCost": "0",
         "severity": "Severe",
         "severityId": "severe",
         "category": "WebSphere traditional to Liberty Java EE 6",
         "categoryId": "appconversion.was2libertyEE6.category",
         "results": [
            {
               "fileName": "CustomerOrderServicesApp.ear/CustomerOrderServices-0.1.0-SNAPSHOT.jar/org/pwte/example/domain/AbstractCustomer.class",
               "details": [
                  {
                     "reference": "Method getCustomerId - Annotation",
                     "match": "org.codehaus.jackson.annotate",
                     "lineNumber": 0
                  }
               ]
            },
            {
               "fileName": "CustomerOrderServicesApp.ear/CustomerOrderServicesTest-0.1.0-SNAPSHOT.war/WEB-INF/classes/org/pwte/example/jaxrs/test/CustomerOrderRESTTest$1.class",
               "details": [
                  {
                     "reference": "Method getClasses",
                     "match": "com.ibm.websphere.jaxrs.providers.json4j",
                     "lineNumber": 51
                  }
               ]
            },
            {
               "fileName": "CustomerOrderServicesApp.ear/CustomerOrderServicesWeb-0.1.0-SNAPSHOT.war/WEB-INF/classes/org/pwte/example/app/CustomerServicesApp.class",
               "details": [
                  {
                     "reference": "Method getClasses",
                     "match": "com.ibm.websphere.jaxrs.providers.json4j",
                     "lineNumber": 25
                  }
               ]
            }
         ],
         "referencedClasses": [
            {
               "class": "com.ibm.websphere.jaxrs.providers.json4j.JSON4JArrayProvider",
               "total": 2
            },
            {
               "class": "com.ibm.websphere.jaxrs.providers.json4j.JSON4JJAXBProvider",
               "total": 2
            },
            {
               "class": "com.ibm.websphere.jaxrs.providers.json4j.JSON4JObjectProvider",
               "total": 2
            },
            {
               "class": "org.apache.wink.client.ClientConfig",
               "total": 40
            },
            {
               "class": "org.apache.wink.client.ClientResponse",
               "total": 66
            },
            {
               "class": "org.apache.wink.client.Resource",
               "total": 184
            },
            {
               "class": "org.apache.wink.client.RestClient",
               "total": 76
            },
            {
               "class": "org.apache.wink.client.handlers.BasicAuthSecurityHandler",
               "total": 20
            },
            {
               "class": "org.apache.wink.client.handlers.ClientHandler",
               "total": 8
            },
            {
               "class": "org.codehaus.jackson.annotate.JsonIgnore",
               "total": 16
            },
            {
               "class": "org.codehaus.jackson.annotate.JsonProperty",
               "total": 5
            },
            {
               "class": "org.codehaus.jackson.jaxrs.JacksonJaxbJsonProvider",
               "total": 1
            },
            {
               "class": "org.codehaus.jackson.jaxrs.JacksonJsonProvider",
               "total": 1
            }
         ]
      },
      {
         "ruleName": "Validate the URL host and port for cloud access",
         "ruleId": "URLRuleDockerCloud",
         "devCost": "0",
         "instanceCost": "0",
         "severity": "Warning",
         "severityId": "warning",
         "category": "Connectivity considerations for IBM Cloud (Containers and Virtual machines)",
         "categoryId": "appconversion.cloud.category.connectivity.dockerAndWASOnCloud",
         "results": [
            {
               "fileName": "CustomerOrderServicesApp.ear/CustomerOrderServicesTest-0.1.0-SNAPSHOT.war",
               "details": [
                  {
                     "reference": "1",
                     "match": "http://localhost:9080/CustomerOrderServicesTest/",
                     "lineNumber": 0
                  },
                  {
                     "reference": "2",
                     "match": "https://localhost:9443/CustomerOrderServicesWeb/",
                     "lineNumber": 0
                  },
                  {
                     "reference": "2",
                     "match": "jdbc:db2://localhost:50000/ORDERDB",
                     "lineNumber": 0
                  }
               ]
            }
         ]
      }
   ]
}