{
  "domain": "javaAppServer",
  "middleware": "was",
  "host": "admin.ibm.demo",
  "assessmentUnitName": "DefaultApplication.ear",
  "applicationName": "DefaultApplication.ear",
  "dcVersion": "2.4.4",
  "collectionUnitType": "profile",
  "collectionUnitName": "AppSrv01",
  "isVirtual": "false",
  "rawDependencies": [
    {
      "domain": "database",
      "middleware": "derby",
      "assessmentUnitName": "${Default_Datasource_databaseName_1}",
      "applicationName": "${Default_Datasource_databaseName_1}",
      "collectionUnitType": "instance",
      "isVirtual": "false",
      "identifier": {
        "databaseName": "${Default_Datasource_databaseName_1}"
      }
    }
  ],
  "serverXml": {
    "server": {
      "description": "Configuration generated by binaryAppScanner",
      "featureManager": {
        "feature": [
          "appSecurity-2.0",
          "jsp-2.3",
          "ldapRegistry-3.0",
          "servlet-3.1"
        ]
      },
      "applicationManager": {
        "autoExpand": true
      },
      "httpEndpoint": {
        "host": "${httpEndpoint_host_1}",
        "httpPort": "${httpEndpoint_port_1}",
        "httpsPort": "${httpEndpoint_secure_port_1}",
        "id": "defaultHttpEndpoint"
      },
      "enterpriseApplication": {
        "location": "DefaultApplication.ear",
        "web-ext": {
          "context-root": "/",
          "moduleName": "DefaultWebApplication"
        },
        "application-bnd": {
          "security-role": {
            "name": "All Role",
            "special-subject": {
              "type": "ALL_AUTHENTICATED_USERS"
            }
          }
        }
      },
      "jdbcDriver": {
        "id": "Derby_JDBC_Provider",
        "library": {
          "file": {
            "name": "${DERBY_JDBC_DRIVER_PATH}/derby.jar"
          }
        }
      },
      "dataSource": {
        "id": "Default Datasource",
        "jdbcDriverRef": "Derby_JDBC_Provider",
        "jndiName": "DefaultDatasource",
        "type": "javax.sql.ConnectionPoolDataSource",
        "properties.derby.embedded": {
          "connectionAttributes": "upgrade\u003dtrue",
          "databaseName": "${Default_Datasource_databaseName_1}"
        },
        "connectionManager": {
          "connectionTimeout": 180,
          "maxPoolSize": 10,
          "minPoolSize": 1
        }
      },
      "keyStore": [
        {
          "id": "NodeDefaultKeyStore",
          "location": "${NodeDefaultKeyStore_location_1}",
          "password": "${NodeDefaultKeyStore_password_1}"
        },
        {
          "id": "NodeDefaultTrustStore",
          "location": "${NodeDefaultTrustStore_location_1}",
          "password": "${NodeDefaultTrustStore_password_1}"
        }
      ],
      "ssl": {
        "id": "NodeDefaultSSLSettings",
        "keyStoreRef": "NodeDefaultKeyStore",
        "sslProtocol": "${NodeDefaultSSLSettings_sslProtocol_1}",
        "trustStoreRef": "NodeDefaultTrustStore"
      },
      "sslDefault": {
        "sslRef": "NodeDefaultSSLSettings"
      },
      "variable": [
        {
          "defaultValue": "${APP_INSTALL_ROOT}/${CELL}/DefaultApplication.ear/DefaultDB",
          "name": "Default_Datasource_databaseName_1"
        },
        {
          "defaultValue": "${WAS_INSTALL_ROOT}/derby/lib",
          "name": "DERBY_JDBC_DRIVER_PATH"
        },
        {
          "defaultValue": "*",
          "name": "httpEndpoint_host_1"
        },
        {
          "defaultValue": 9080,
          "name": "httpEndpoint_port_1"
        },
        {
          "defaultValue": 9443,
          "name": "httpEndpoint_secure_port_1"
        },
        {
          "defaultValue": "DefaultApplication_ear_WASNode01_NodeDefaultKeyStore_key.p12",
          "name": "NodeDefaultKeyStore_location_1"
        },
        {
          "defaultValue": "SSL_TLSv2",
          "name": "NodeDefaultSSLSettings_sslProtocol_1"
        },
        {
          "defaultValue": "DefaultApplication_ear_WASNode01_NodeDefaultTrustStore_trust.p12",
          "name": "NodeDefaultTrustStore_location_1"
        },
        {
          "defaultValue": "",
          "name": "NodeDefaultKeyStore_password_1"
        },
        {
          "defaultValue": "",
          "name": "NodeDefaultTrustStore_password_1"
        }
      ]
    }
  }
}