<?xml version="1.0" encoding="UTF-8"?><server description="Configuration generated by binaryAppScanner">
    <featureManager>
        <!--The following features are available in Open Liberty.-->
        <feature>appSecurity-2.0</feature>
        <feature>ldapRegistry-3.0</feature>
        <feature>servlet-3.1</feature>
    </featureManager>

    <!-- This configuration was migrated on 1/10/22 at 1:00:22 PM from the following location: /opt/IBM/WebSphere/AppServer/profiles/AppSrv01 -->
    <!-- The binary scanner does not support the migration of all WebSphere traditional configuration elements. Check the binary scanner documentation for the list of supported configuration elements. -->
    <applicationManager autoExpand="true"/>

    <httpEndpoint host="${httpEndpoint_host_1}" httpPort="${httpEndpoint_port_1}" httpsPort="${httpEndpoint_secure_port_1}" id="defaultHttpEndpoint"/>

    <webApplication contextRoot="/resorts" location="modresorts-1.0.war"/>

    <keyStore id="NodeDefaultKeyStore" location="${NodeDefaultKeyStore_location_1}" password="${NodeDefaultKeyStore_password_1}"/>

    <keyStore id="NodeDefaultTrustStore" location="${NodeDefaultTrustStore_location_1}" password="${NodeDefaultTrustStore_password_1}"/>

    <ssl id="NodeDefaultSSLSettings" keyStoreRef="NodeDefaultKeyStore" sslProtocol="${NodeDefaultSSLSettings_sslProtocol_1}" trustStoreRef="NodeDefaultTrustStore"/>

    <sslDefault sslRef="NodeDefaultSSLSettings"/>

    
    

    <!-- The following variables, which often differ between environments, have been extracted from the migrated configuration to allow for easy substitution. -->
    <variable defaultValue="*" name="httpEndpoint_host_1"/>
    <variable defaultValue="9080" name="httpEndpoint_port_1"/>
    <variable defaultValue="9443" name="httpEndpoint_secure_port_1"/>
    <variable defaultValue="modresorts-1_0_war_ear_WASNode01_NodeDefaultKeyStore_key.p12" name="NodeDefaultKeyStore_location_1"/>
    <variable defaultValue="SSL_TLSv2" name="NodeDefaultSSLSettings_sslProtocol_1"/>
    <variable defaultValue="modresorts-1_0_war_ear_WASNode01_NodeDefaultTrustStore_trust.p12" name="NodeDefaultTrustStore_location_1"/>
<variable defaultValue="" name="NodeDefaultKeyStore_password_1"/>
<variable defaultValue="" name="NodeDefaultTrustStore_password_1"/>
</server>